File,Label
0.png,0
1.png,0
10.png,0
100.png,2
101.png,2
102.png,1
103.png,1
104.png,0
105.png,0
106.png,1
107.png,0
108.png,0
109.png,1
11.png,1
110.png,1
111.png,0
112.png,0
113.png,2
114.png,1
115.png,3
116.png,0
117.png,0
118.png,1
119.png,1
12.png,1
120.png,0
121.png,1
122.png,1
123.png,3
124.png,3
125.png,2
126.png,2
127.png,1
128.png,1
129.png,0
13.png,1
130.png,2
131.png,2
132.png,3
133.png,2
134.png,2
135.png,0
136.png,3
137.png,3
138.png,3
139.png,2
14.png,0
140.png,0
141.png,1
142.png,2
143.png,2
144.png,3
145.png,1
146.png,1
147.png,3
148.png,2
149.png,1
15.png,0
150.png,1
151.png,1
152.png,2
153.png,3
154.png,2
155.png,2
156.png,2
157.png,2
158.png,0
159.png,0
16.png,0
160.png,0
161.png,2
162.png,3
163.png,0
164.png,0
165.png,3
166.png,2
167.png,1
168.png,0
169.png,2
17.png,0
170.png,2
171.png,1
172.png,3
173.png,3
174.png,3
175.png,1
176.png,1
177.png,0
178.png,0
179.png,2
18.png,0
180.png,2
181.png,3
182.png,1
183.png,2
184.png,3
185.png,0
186.png,3
187.png,2
188.png,2
189.png,1
19.png,0
190.png,1
191.png,0
192.png,0
193.png,2
194.png,2
195.png,3
196.png,1
197.png,2
198.png,3
199.png,0
2.png,0
20.png,1
200.png,3
201.png,2
202.png,2
203.png,0
204.png,0
205.png,0
206.png,1
207.png,1
208.png,1
209.png,0
21.png,1
210.png,0
211.png,0
212.png,1
213.png,1
214.png,0
215.png,0
216.png,0
217.png,1
218.png,1
219.png,1
22.png,1
220.png,0
221.png,0
222.png,2
223.png,1
224.png,1
225.png,0
226.png,3
227.png,0
228.png,0
229.png,1
23.png,0
230.png,1
231.png,1
232.png,1
233.png,2
234.png,0
235.png,2
236.png,0
237.png,1
238.png,1
239.png,0
24.png,0
240.png,0
241.png,0
242.png,1
243.png,1
244.png,1
245.png,0
246.png,0
247.png,0
248.png,1
249.png,2
25.png,0
250.png,0
251.png,0
252.png,0
253.png,1
254.png,1
255.png,0
256.png,0
257.png,0
258.png,1
259.png,2
26.png,3
260.png,1
261.png,3
262.png,0
263.png,1
264.png,3
265.png,2
266.png,0
267.png,0
268.png,2
269.png,1
27.png,3
270.png,3
271.png,1
272.png,2
273.png,1
274.png,0
275.png,3
276.png,3
277.png,3
278.png,1
279.png,2
28.png,0
280.png,2
281.png,2
282.png,0
283.png,1
284.png,3
285.png,1
286.png,0
287.png,1
288.png,0
289.png,1
29.png,2
290.png,0
291.png,3
292.png,0
293.png,1
294.png,0
295.png,2
296.png,1
297.png,1
298.png,0
299.png,1
3.png,1
30.png,2
300.png,0
301.png,1
302.png,1
303.png,0
304.png,0
305.png,0
306.png,1
307.png,1
308.png,0
309.png,1
31.png,0
310.png,0
311.png,1
312.png,1
313.png,3
314.png,1
315.png,1
316.png,0
317.png,2
318.png,1
319.png,1
32.png,3
320.png,0
321.png,1
322.png,0
323.png,0
324.png,1
325.png,1
326.png,1
327.png,1
328.png,1
329.png,1
33.png,3
330.png,2
331.png,3
332.png,2
333.png,3
334.png,1
335.png,2
336.png,1
337.png,1
338.png,1
339.png,0
34.png,1
340.png,1
341.png,1
342.png,1
343.png,1
344.png,0
345.png,0
346.png,1
347.png,0
348.png,1
349.png,3
35.png,1
350.png,1
351.png,1
352.png,0
353.png,2
354.png,1
355.png,1
356.png,0
357.png,0
358.png,1
359.png,2
36.png,1
360.png,1
361.png,3
362.png,0
363.png,0
364.png,0
365.png,1
366.png,1
367.png,3
368.png,0
369.png,1
37.png,0
370.png,1
371.png,2
372.png,1
373.png,0
374.png,1
375.png,0
376.png,1
377.png,1
378.png,1
379.png,1
38.png,0
380.png,0
381.png,0
382.png,1
383.png,0
384.png,1
385.png,3
386.png,1
387.png,1
388.png,0
389.png,2
39.png,0
390.png,1
391.png,1
392.png,0
393.png,0
394.png,1
395.png,2
396.png,1
397.png,3
398.png,0
399.png,0
4.png,1
40.png,1
400.png,0
401.png,1
402.png,1
403.png,3
404.png,0
405.png,1
406.png,1
407.png,2
408.png,1
409.png,0
41.png,1
410.png,1
411.png,0
412.png,1
413.png,1
414.png,1
415.png,1
416.png,0
417.png,0
418.png,1
419.png,0
42.png,1
420.png,1
421.png,3
422.png,1
423.png,1
424.png,0
425.png,2
426.png,1
427.png,1
428.png,0
429.png,0
43.png,2
430.png,1
431.png,2
432.png,1
433.png,3
434.png,0
435.png,0
436.png,0
437.png,1
438.png,1
439.png,3
44.png,2
440.png,0
441.png,1
442.png,1
443.png,2
444.png,1
445.png,0
446.png,1
447.png,0
45.png,1
46.png,3
47.png,3
48.png,0
49.png,2
5.png,1
50.png,2
51.png,0
52.png,0
53.png,0
54.png,1
55.png,1
56.png,1
57.png,0
58.png,0
59.png,0
6.png,0
60.png,0
61.png,0
62.png,1
63.png,1
64.png,1
65.png,0
66.png,0
67.png,0
68.png,0
69.png,0
7.png,0
70.png,0
71.png,1
72.png,1
73.png,1
74.png,0
75.png,0
76.png,0
77.png,3
78.png,3
79.png,0
8.png,0
80.png,2
81.png,2
82.png,0
83.png,3
84.png,3
85.png,1
86.png,1
87.png,1
88.png,0
89.png,0
9.png,0
90.png,0
91.png,1
92.png,1
93.png,1
94.png,2
95.png,2
96.png,1
97.png,3
98.png,3
99.png,0
1000.png,0
1001.png,1
1002.png,1
1003.png,1
1004.png,0
1005.png,0
1006.png,1
1007.png,1
1008.png,1
1009.png,0
1010.png,0
1011.png,0
1012.png,1
1013.png,1
1014.png,1
1015.png,3
1016.png,3
1017.png,1
1018.png,2
1019.png,2
1020.png,1
1021.png,1
1022.png,1
1023.png,0
1024.png,0
1025.png,0
1026.png,1
1027.png,1
1028.png,1
1029.png,0
1030.png,0
1031.png,0
1032.png,2
1033.png,2
1034.png,3
1035.png,3
1036.png,1
1037.png,0
1038.png,0
1039.png,1
1040.png,1
1041.png,1
1042.png,3
1043.png,3
1044.png,3
1045.png,2
1046.png,2
1047.png,2
1048.png,1
1049.png,1
1050.png,1
1051.png,0
1052.png,0
1053.png,1
1054.png,1
1055.png,1
1056.png,0
1057.png,0
1058.png,0
1059.png,2
1060.png,2
1061.png,1
1062.png,3
1063.png,3
1064.png,3
1065.png,3
1066.png,3
1067.png,2
1068.png,2
1069.png,2
1070.png,2
1071.png,2
1072.png,1
1073.png,3
1074.png,3
1075.png,0
1076.png,0
1077.png,0
1078.png,1
1079.png,1
1080.png,1
1081.png,0
1082.png,0
1083.png,1
1084.png,1
1085.png,1
1086.png,3
1087.png,3
1088.png,3
1089.png,2
1090.png,2
1091.png,2
1092.png,1
1093.png,1
1094.png,1
1095.png,0
1096.png,0
1097.png,2
1098.png,2
1099.png,2
1100.png,3
1101.png,3
1102.png,3
1103.png,0
1104.png,0
1105.png,1
1106.png,1
1107.png,1
1108.png,0
1109.png,0
1110.png,0
1111.png,1
1112.png,1
1113.png,1
1114.png,3
1115.png,3
1116.png,1
1117.png,2
1118.png,2
1119.png,1
1120.png,1
1121.png,1
1122.png,0
1123.png,0
1124.png,0
1125.png,1
1126.png,1
1127.png,1
1128.png,0
1129.png,0
1130.png,1
1131.png,1
1132.png,1
1133.png,0
1134.png,0
1135.png,0
1136.png,1
1137.png,1
1138.png,1
1139.png,0
1140.png,0
1141.png,1
1142.png,1
1143.png,1
1144.png,0
1145.png,0
1146.png,0
1147.png,1
1148.png,1
1149.png,1
1150.png,0
1151.png,0
448.png,1
449.png,2
450.png,2
451.png,3
452.png,3
453.png,0
454.png,2
455.png,0
456.png,1
457.png,1
458.png,3
459.png,0
460.png,0
461.png,0
462.png,1
463.png,1
464.png,1
465.png,0
466.png,0
467.png,1
468.png,1
469.png,1
470.png,0
471.png,0
472.png,0
473.png,1
474.png,1
475.png,1
476.png,0
477.png,0
478.png,1
479.png,1
480.png,1
481.png,0
482.png,0
483.png,0
484.png,1
485.png,1
486.png,1
487.png,3
488.png,3
489.png,1
490.png,2
491.png,2
492.png,1
493.png,1
494.png,1
495.png,0
496.png,0
497.png,0
498.png,1
499.png,1
500.png,1
501.png,0
502.png,0
503.png,0
504.png,2
505.png,2
506.png,3
507.png,3
508.png,1
509.png,0
510.png,0
511.png,1
512.png,1
513.png,1
514.png,3
515.png,3
516.png,3
517.png,2
518.png,2
519.png,2
520.png,1
521.png,1
522.png,1
523.png,0
524.png,0
525.png,1
526.png,1
527.png,1
528.png,0
529.png,0
530.png,0
531.png,2
532.png,2
533.png,1
534.png,3
535.png,3
536.png,3
537.png,3
538.png,3
539.png,2
540.png,2
541.png,2
542.png,2
543.png,2
544.png,1
545.png,3
546.png,3
547.png,0
548.png,0
549.png,0
550.png,1
551.png,1
552.png,1
553.png,0
554.png,0
555.png,1
556.png,1
557.png,1
558.png,3
559.png,3
560.png,3
561.png,2
562.png,2
563.png,2
564.png,1
565.png,1
566.png,1
567.png,0
568.png,0
569.png,2
570.png,2
571.png,2
572.png,3
573.png,3
574.png,3
575.png,0
576.png,0
577.png,1
578.png,1
579.png,1
580.png,0
581.png,0
582.png,0
583.png,1
584.png,1
585.png,1
586.png,3
587.png,3
588.png,1
589.png,2
590.png,2
591.png,1
592.png,1
593.png,1
594.png,0
595.png,0
596.png,0
597.png,1
598.png,1
599.png,1
600.png,0
601.png,0
602.png,1
603.png,1
604.png,1
605.png,0
606.png,0
607.png,0
608.png,1
609.png,1
610.png,1
611.png,0
612.png,0
613.png,1
614.png,1
615.png,1
616.png,0
617.png,0
618.png,0
619.png,1
620.png,1
621.png,1
622.png,0
623.png,0
624.png,1
625.png,2
626.png,2
627.png,3
628.png,3
629.png,0
630.png,2
631.png,0
632.png,1
633.png,1
634.png,3
635.png,0
636.png,0
637.png,0
638.png,1
639.png,1
640.png,1
641.png,0
642.png,0
643.png,1
644.png,1
645.png,1
646.png,0
647.png,0
648.png,0
649.png,1
650.png,1
651.png,1
652.png,0
653.png,0
654.png,1
655.png,1
656.png,1
657.png,0
658.png,0
659.png,0
660.png,1
661.png,1
662.png,1
663.png,3
664.png,3
665.png,1
666.png,2
667.png,2
668.png,1
669.png,1
670.png,1
671.png,0
672.png,0
673.png,0
674.png,1
675.png,1
676.png,1
677.png,0
678.png,0
679.png,0
680.png,2
681.png,2
682.png,3
683.png,3
684.png,1
685.png,0
686.png,0
687.png,1
688.png,1
689.png,1
690.png,3
691.png,3
692.png,3
693.png,2
694.png,2
695.png,2
696.png,1
697.png,1
698.png,1
699.png,0
700.png,0
701.png,1
702.png,1
703.png,1
704.png,0
705.png,0
706.png,0
707.png,2
708.png,2
709.png,1
710.png,3
711.png,3
712.png,3
713.png,3
714.png,3
715.png,2
716.png,2
717.png,2
718.png,2
719.png,2
720.png,1
721.png,3
722.png,3
723.png,0
724.png,0
725.png,0
726.png,1
727.png,1
728.png,1
729.png,0
730.png,0
731.png,1
732.png,1
733.png,1
734.png,3
735.png,3
736.png,3
737.png,2
738.png,2
739.png,2
740.png,1
741.png,1
742.png,1
743.png,0
744.png,0
745.png,2
746.png,2
747.png,2
748.png,3
749.png,3
750.png,3
751.png,0
752.png,0
753.png,1
754.png,1
755.png,1
756.png,0
757.png,0
758.png,0
759.png,1
760.png,1
761.png,1
762.png,3
763.png,3
764.png,1
765.png,2
766.png,2
767.png,1
768.png,1
769.png,1
770.png,0
771.png,0
772.png,0
773.png,1
774.png,1
775.png,1
776.png,0
777.png,0
778.png,1
779.png,1
780.png,1
781.png,0
782.png,0
783.png,0
784.png,1
785.png,1
786.png,1
787.png,0
788.png,0
789.png,1
790.png,1
791.png,1
792.png,0
793.png,0
794.png,0
795.png,1
796.png,1
797.png,1
798.png,0
799.png,0
800.png,1
801.png,2
802.png,2
803.png,3
804.png,3
805.png,0
806.png,2
807.png,0
808.png,1
809.png,1
810.png,3
811.png,0
812.png,0
813.png,0
814.png,1
815.png,1
816.png,1
817.png,0
818.png,0
819.png,1
820.png,1
821.png,1
822.png,0
823.png,0
824.png,0
825.png,1
826.png,1
827.png,1
828.png,0
829.png,0
830.png,1
831.png,1
832.png,1
833.png,0
834.png,0
835.png,0
836.png,1
837.png,1
838.png,1
839.png,3
840.png,3
841.png,1
842.png,2
843.png,2
844.png,1
845.png,1
846.png,1
847.png,0
848.png,0
849.png,0
850.png,1
851.png,1
852.png,1
853.png,0
854.png,0
855.png,0
856.png,2
857.png,2
858.png,3
859.png,3
860.png,1
861.png,0
862.png,0
863.png,1
864.png,1
865.png,1
866.png,3
867.png,3
868.png,3
869.png,2
870.png,2
871.png,2
872.png,1
873.png,1
874.png,1
875.png,0
876.png,0
877.png,1
878.png,1
879.png,1
880.png,0
881.png,0
882.png,0
883.png,2
884.png,2
885.png,1
886.png,3
887.png,3
888.png,3
889.png,3
890.png,3
891.png,2
892.png,2
893.png,2
894.png,2
895.png,2
896.png,1
897.png,3
898.png,3
899.png,0
900.png,0
901.png,0
902.png,1
903.png,1
904.png,1
905.png,0
906.png,0
907.png,1
908.png,1
909.png,1
910.png,3
911.png,3
912.png,3
913.png,2
914.png,2
915.png,2
916.png,1
917.png,1
918.png,1
919.png,0
920.png,0
921.png,2
922.png,2
923.png,2
924.png,3
925.png,3
926.png,3
927.png,0
928.png,0
929.png,1
930.png,1
931.png,1
932.png,0
933.png,0
934.png,0
935.png,1
936.png,1
937.png,1
938.png,3
939.png,3
940.png,1
941.png,2
942.png,2
943.png,1
944.png,1
945.png,1
946.png,0
947.png,0
948.png,0
949.png,1
950.png,1
951.png,1
952.png,0
953.png,0
954.png,1
955.png,1
956.png,1
957.png,0
958.png,0
959.png,0
960.png,1
961.png,1
962.png,1
963.png,0
964.png,0
965.png,1
966.png,1
967.png,1
968.png,0
969.png,0
970.png,0
971.png,1
972.png,1
973.png,1
974.png,0
975.png,0
976.png,1
977.png,2
978.png,2
979.png,3
980.png,3
981.png,0
982.png,2
983.png,0
984.png,1
985.png,1
986.png,3
987.png,0
988.png,0
989.png,0
990.png,1
991.png,1
992.png,1
993.png,0
994.png,0
995.png,1
996.png,1
997.png,1
998.png,0
999.png,0
1152.png,3
1153.png,2
1154.png,3
1155.png,2
1156.png,1
1157.png,1
1158.png,0
1159.png,3
1160.png,0
1161.png,1
1162.png,2
1163.png,0
1164.png,1
1165.png,1
1166.png,3
1167.png,0
1168.png,1
1169.png,2
1170.png,1
1171.png,1
1172.png,0
1173.png,0
1174.png,1
1175.png,0
1176.png,1
1177.png,0
1178.png,1
1179.png,1
1180.png,0
1181.png,0
1182.png,1
1183.png,1
1184.png,3
1185.png,1
1186.png,2
1187.png,1
1188.png,1
1189.png,0
1190.png,0
1191.png,1
1192.png,1
1193.png,0
1194.png,1
1195.png,0
1196.png,1
1197.png,0
1198.png,3
1199.png,1
1200.png,2
1201.png,1
1202.png,1
1203.png,0
1204.png,0
1205.png,1
1206.png,1
1207.png,1
1208.png,2
1209.png,2
1210.png,3
1211.png,3
1212.png,0
1213.png,1
1214.png,1
1215.png,1
1216.png,3
1217.png,2
1218.png,0
1219.png,2
1220.png,1
1221.png,3